p_id,p_name,p_gender,p_dob,p_type
1,Chrystal,F,1969-10-02,liver
2,Jodee,F,1962-07-26,kidney
3,Glenden,M,1976-01-12,lungs
4,Cindy,F,1988-10-25,lungs
5,Albert,M,1964-08-31,heart
6,Bibbye,F,1964-11-03,heart
7,Franchot,M,1984-03-22,heart
8,Micah,M,1970-12-10,brain
9,Thane,M,1981-09-03,heart
10,Ariella,F,1967-01-09,eyes
11,Brent,M,1982-10-12,liver
12,Troy,M,1974-09-23,lungs
13,Hollie,F,1967-10-17,brain
14,Theobald,M,1980-03-09,brain
15,Rosabel,F,1974-09-15,brain
16,Myrle,F,1973-10-27,heart
17,Dewain,M,1974-12-16,allergy
18,Sky,M,1964-09-29,heart
19,Madeline,F,1972-05-10,brain
20,Evelyn,F,1987-05-18,lungs
21,Tiler,M,1979-01-29,kidney
22,Zeb,M,1968-10-28,eyes
23,Henrie,F,1974-08-30,lungs
24,Finlay,M,1961-08-03,lungs
25,Garvy,M,1964-05-14,lungs
26,Alfonse,M,1968-07-24,allergy
27,Alexandr,M,1980-09-28,lungs
28,Concettina,F,1978-11-11,kidney
29,Byron,M,1984-01-26,kidney
30,Odessa,F,1987-10-14,kidney
31,Sanderson,M,1978-05-13,liver
32,Shina,F,1962-03-30,brain
33,Kip,F,1986-07-03,liver
34,Lyssa,F,1979-01-25,lungs
35,Zarah,F,1975-02-19,allergy
36,Kikelia,F,1982-07-18,eyes
37,Baird,M,1974-12-08,allergy
38,Cindi,F,1968-02-16,allergy
39,Gerhardine,F,1965-09-16,lungs
40,Eddy,M,1979-05-13,eyes
41,Kristel,F,1972-03-22,lungs
42,Dell,M,1969-02-09,heart
43,Skipp,M,1981-03-29,liver
44,Haily,F,1968-07-20,liver
45,Roxanna,F,1977-05-22,brain
46,Sam,F,1975-12-24,allergy
47,Tudor,M,1962-10-21,allergy
48,Daisi,F,1960-02-27,liver
49,Wolf,M,1964-11-16,liver
50,Nobe,M,1984-05-05,lungs
51,Wayne,M,1969-12-03,heart
52,Thibaut,M,1979-06-06,lungs
53,Nollie,F,1962-06-22,eyes
54,Saw,M,1983-02-15,liver
55,Sandor,M,1982-08-05,kidney
56,Adolf,M,1989-09-02,allergy
57,Elliot,M,1981-03-28,lungs
58,Hildegaard,F,1982-06-02,eyes
59,Bernadine,F,1969-07-28,liver
60,Thibaud,M,1966-12-29,allergy
61,Jorie,F,1978-10-25,lungs
62,Uriah,M,1970-11-05,allergy
63,Lyell,M,1989-06-26,allergy
64,Inger,M,1964-01-04,lungs
65,Gretel,F,1968-01-19,allergy
66,Leupold,M,1978-04-19,liver
67,Catriona,F,1987-08-01,lungs
68,Ada,F,1962-09-15,heart
69,Tiffy,F,1979-12-21,brain
70,Son,M,1964-04-18,heart
71,Rriocard,M,1966-10-05,lungs
72,Derril,M,1978-05-13,liver
73,Bartholomeo,M,1966-06-16,lungs
74,Iosep,M,1986-05-08,liver
75,Patience,F,1970-01-26,kidney
76,Andrej,M,1986-09-30,kidney
77,Tabbie,M,1981-03-28,brain
78,Jim,M,1965-02-13,eyes
79,Coleen,F,1973-09-09,lungs
80,Gabriela,F,1979-12-11,kidney
81,Sherri,F,1973-02-04,eyes
82,Valle,M,1976-11-03,liver
83,Rodrick,M,1960-08-17,heart
84,Harris,M,1978-09-25,kidney
85,Iseabal,F,1973-09-13,kidney
86,Milo,M,1970-02-15,heart
87,Lazaro,M,1969-06-27,heart
88,Delora,F,1985-01-07,liver
89,Jory,M,1968-06-23,heart
90,Hughie,M,1964-11-12,lungs
91,Colly,F,1988-10-08,lungs
92,Thomas,M,1961-04-10,kidney
93,Lydia,F,1965-07-01,heart
94,Robinson,M,1974-11-27,allergy
95,Bobina,F,1973-09-09,heart
96,Marielle,F,1976-03-16,heart
97,Agathe,F,1989-12-27,lungs
98,Jenni,F,1969-10-05,kidney
99,Shelby,M,1961-07-22,heart
100,Elaine,F,1985-10-08,allergy
101,Jard,M,1962-11-20,lungs
102,Yard,M,1980-08-07,eyes
103,Rorke,M,1984-08-11,allergy
104,Reiko,F,1982-03-18,allergy
105,Erhart,M,1989-12-12,heart
106,Nap,M,1966-12-17,brain
107,Livy,F,1968-06-19,lungs
108,Wally,M,1961-10-18,eyes
109,Elga,F,1976-05-18,kidney
110,Laina,F,1989-06-16,brain
111,Dennie,F,1980-06-29,brain
112,Ethelbert,M,1963-05-29,liver
113,Andree,F,1965-07-26,heart
114,Archie,M,1974-02-04,eyes
115,Etti,F,1970-02-23,lungs
116,Queenie,F,1963-04-09,allergy
117,Murdock,M,1973-04-16,brain
118,Roselia,F,1976-02-23,kidney
119,Anatollo,M,1963-09-18,eyes
120,Hetti,F,1965-01-11,allergy
121,Kanya,F,1980-05-14,eyes
122,Rory,F,1979-08-18,allergy
123,Nata,F,1967-04-14,allergy
124,Sauncho,M,1972-06-27,kidney
125,Magnum,M,1977-11-19,allergy
126,Lombard,M,1984-12-08,heart
127,Morlee,M,1980-04-13,kidney
128,Kit,F,1967-04-27,eyes
129,Osmund,M,1978-01-10,heart
130,Dorey,M,1977-11-25,allergy
131,Bertrando,M,1960-04-30,lungs
132,Iona,F,1984-03-18,liver
133,Maggi,F,1966-10-03,brain
134,Jobi,F,1961-01-23,lungs
135,Hanny,F,1967-08-02,lungs
136,Derron,M,1988-01-08,liver
137,Silvie,F,1967-03-20,lungs
138,Free,M,1977-02-18,brain
139,Myrvyn,M,1977-01-18,brain
140,Logan,M,1973-11-11,brain
141,Malynda,F,1987-04-19,heart
142,Elnar,M,1987-08-26,lungs
143,Alexandra,F,1974-10-22,kidney
144,Husain,M,1986-02-21,kidney
145,Krispin,M,1980-09-22,brain
146,Rolf,M,1986-12-16,eyes
147,Orrin,M,1968-11-20,heart
148,Skipper,M,1969-10-22,heart
149,Artus,M,1969-10-28,kidney
150,Lily,F,1969-01-17,liver
151,Vida,F,1984-02-13,allergy
152,Lesli,F,1976-10-25,liver
153,Hetti,F,1981-03-09,brain
154,Baxie,M,1970-07-13,brain
155,Levy,M,1974-04-28,allergy
156,Alyda,F,1961-05-17,lungs
157,Basilio,M,1988-06-27,heart
158,Hedvig,F,1972-07-28,kidney
159,Joshua,M,1974-08-19,lungs
160,Heda,F,1965-01-31,kidney
161,Vicki,F,1971-10-08,heart
162,Jabez,M,1989-02-04,allergy
163,Angel,F,1977-01-15,kidney
164,Happy,F,1961-02-09,allergy
165,Augustin,M,1981-08-14,kidney
166,Mala,F,1975-02-22,brain
167,Prudi,F,1969-11-26,eyes
168,Raimundo,M,1983-09-28,liver
169,Itch,M,1981-11-06,lungs
170,Michal,F,1981-12-07,kidney
171,Hannis,F,1965-08-28,eyes
172,Kipp,M,1981-06-30,liver
173,Pepe,M,1972-07-11,kidney
174,Bernette,F,1988-10-03,brain
175,Deanna,F,1961-09-01,lungs
176,Richart,M,1979-08-15,liver
177,Christian,F,1984-10-21,heart
178,Kaine,M,1984-11-26,heart
179,Sapphira,F,1986-10-24,allergy
180,Olivier,M,1986-01-19,eyes
181,Kyle,M,1981-09-08,lungs
182,Xaviera,F,1971-09-21,kidney
183,Tara,F,1965-07-18,eyes
184,Nickey,M,1968-04-26,lungs
185,Egan,M,1983-09-17,heart
186,Greer,F,1967-06-07,eyes
187,Shaine,M,1978-01-28,brain
188,Erick,M,1985-06-24,heart
189,Corene,F,1985-02-21,eyes
190,Putnam,M,1983-12-13,lungs
191,Zacharias,M,1982-02-18,allergy
192,Freemon,M,1984-08-27,liver
193,Archibold,M,1986-01-28,heart
194,Granville,M,1970-10-26,eyes
195,Maribelle,F,1982-06-29,brain
196,Abbe,F,1969-04-24,allergy
197,Odelle,F,1963-10-18,brain
198,Duane,M,1977-04-18,liver
199,Merrie,F,1974-10-31,liver
200,Garner,M,1985-09-30,heart
201,Hasheem,M,1975-07-09,liver
202,Johnathon,M,1973-09-28,kidney
203,Elfreda,F,1960-11-22,eyes
204,Gilburt,M,1960-12-19,kidney
205,Holli,F,1967-01-09,allergy
206,Alexei,M,1967-03-29,heart
207,Blinny,F,1983-12-20,kidney
208,Dani,M,1969-11-13,liver
209,Connor,M,1962-05-27,brain
210,Bendite,F,1989-04-16,allergy
211,Philis,F,1968-09-23,lungs
212,Trista,F,1965-12-07,eyes
213,Delcina,F,1964-11-25,eyes
214,Erna,F,1984-09-16,heart
215,Vinny,F,1969-03-03,heart
216,Duky,M,1984-01-07,allergy
217,Dudley,M,1986-06-01,brain
218,Lowe,M,1976-09-18,allergy
219,Ivett,F,1962-06-29,allergy
220,Benedicto,M,1967-01-25,liver
221,Giacobo,M,1969-06-13,allergy
222,Tyler,M,1971-04-13,lungs
223,Blair,F,1985-08-08,allergy
224,Candy,F,1988-05-26,allergy
225,Hettie,F,1984-05-11,lungs
226,Wenonah,F,1984-09-29,allergy
227,Mandel,M,1980-04-09,lungs
228,Ollie,M,1989-02-21,brain
229,Ruthe,F,1978-11-24,brain
230,Delinda,F,1961-08-27,heart
231,Shina,F,1989-03-15,heart
232,Weylin,M,1973-05-08,brain
233,Celina,F,1969-07-05,liver
234,Janaya,F,1987-02-08,lungs
235,Sammy,M,1989-02-24,lungs
236,Cesya,F,1973-10-15,lungs
237,Dede,F,1968-08-13,allergy
238,Claiborn,M,1988-02-21,kidney
239,Garrot,M,1984-10-13,eyes
240,Renata,F,1989-07-06,liver
241,Robby,M,1969-08-08,allergy
242,Aron,M,1971-10-06,liver
243,Sasha,F,1984-10-07,liver
244,Ardene,F,1975-01-08,kidney
245,Claudian,M,1965-01-01,brain
246,Mab,F,1980-09-03,kidney
247,Lexis,F,1989-09-23,heart
248,Rowan,M,1969-06-25,heart
249,Theo,F,1963-07-18,lungs
250,Sandi,F,1981-12-04,liver
251,Melva,F,1989-09-10,kidney
252,Diann,F,1982-02-15,eyes
253,Inesita,F,1961-02-05,lungs
254,Gerty,F,1975-12-22,kidney
255,Merilee,F,1974-11-06,kidney
256,Rolph,M,1974-05-10,brain
257,Welch,M,1989-12-30,kidney
258,Karie,F,1987-06-04,allergy
259,Freemon,M,1989-05-01,brain
260,Lynnet,F,1964-09-24,brain
261,Harold,M,1969-07-11,heart
262,Correy,F,1974-10-28,heart
263,Matthias,M,1977-07-30,heart
264,Pyotr,M,1964-04-29,allergy
265,Justinian,M,1981-06-26,liver
266,Shelli,F,1969-05-20,heart
267,Rey,M,1975-01-04,kidney
268,Filippo,M,1972-07-18,eyes
269,Guglielmo,M,1960-03-26,eyes
270,Rubina,F,1979-03-14,lungs
271,Aliza,F,1973-01-14,allergy
272,Tedie,M,1989-11-11,liver
273,Mariana,F,1980-04-01,heart
274,Phillis,F,1970-05-13,heart
275,Roi,M,1966-11-27,brain
276,Gertruda,F,1978-10-13,liver
277,Domeniga,F,1979-02-06,brain
278,Michaeline,F,1973-05-29,lungs
279,Annamarie,F,1989-04-28,lungs
280,Ximenez,M,1984-01-12,liver
281,Paxon,M,1985-07-17,liver
282,Merilee,F,1973-05-02,eyes
283,Christi,F,1989-11-03,kidney
284,Roberta,F,1987-05-13,heart
285,Allx,F,1969-10-17,liver
286,Nesta,F,1984-08-25,liver
287,Damon,M,1976-05-22,liver
288,Gorden,M,1989-10-22,kidney
289,Nikolai,M,1974-05-08,heart
290,Nesta,F,1965-03-31,allergy
291,Samantha,F,1977-12-17,brain
292,Cammi,F,1966-11-13,heart
293,Magda,F,1962-04-06,kidney
294,Mersey,F,1973-10-12,kidney
295,Percival,M,1965-07-31,brain
296,Kristen,F,1962-10-26,heart
297,Dewain,M,1968-06-16,kidney
298,Lenard,M,1971-10-24,allergy
299,Eberto,M,1968-03-10,eyes
300,Roxine,F,1980-09-29,heart
301,Rorie,F,1974-10-28,eyes
302,Kent,M,1988-07-23,liver
303,Darbee,M,1963-06-15,kidney
304,Zondra,F,1962-10-14,brain
305,Selie,F,1970-07-17,heart
306,Saraann,F,1977-08-29,lungs
307,Darrelle,F,1982-05-05,brain
308,Emmery,M,1987-07-16,eyes
309,Evania,F,1963-11-05,liver
310,Alvis,M,1968-12-01,liver
311,Tracy,M,1966-11-01,liver
312,Kattie,F,1962-03-08,eyes
313,Ann,F,1970-02-10,heart
314,Bliss,F,1981-06-21,liver
315,Silvester,M,1966-04-06,kidney
316,Skipper,M,1965-09-11,heart
317,Melita,F,1989-03-23,heart
318,Paulo,M,1972-11-12,allergy
319,Pris,F,1984-08-21,brain
320,Brew,M,1980-12-28,allergy
321,Shandie,F,1985-08-20,brain
322,Karena,F,1967-10-18,lungs
323,Barton,M,1987-02-10,eyes
324,Marijo,F,1986-08-18,lungs
325,Steven,M,1963-07-15,heart
326,Thorstein,M,1976-12-24,kidney
327,Ashlie,F,1972-05-30,liver
328,Haslett,M,1986-12-05,lungs
329,Ingeberg,F,1969-04-10,brain
330,Malcolm,M,1971-10-18,allergy
331,Kingston,M,1981-06-11,kidney
332,Davidson,M,1973-04-11,brain
333,Lowe,M,1983-04-30,brain
334,Heinrik,M,1976-11-23,lungs
335,Herman,M,1987-04-10,brain
336,Graeme,M,1973-05-10,liver
337,Lynnelle,F,1971-07-10,heart
338,Rebekkah,F,1960-03-03,allergy
339,Netta,F,1961-06-13,allergy
340,Ansel,M,1979-08-04,eyes
341,Angeline,F,1969-04-25,kidney
342,Ulysses,M,1960-01-02,brain
343,Loy,M,1962-04-04,allergy
344,Ellery,M,1982-07-22,liver
345,Emelia,F,1982-09-02,brain
346,Darsey,F,1967-12-28,brain
347,Jacinthe,F,1968-01-07,eyes
348,Lorena,F,1960-12-16,kidney
349,Terrell,M,1972-05-15,heart
350,Alisha,F,1974-08-15,lungs
351,Devinne,F,1984-10-13,heart
352,Tracey,M,1973-08-30,allergy
353,Barrie,M,1978-11-22,heart
354,Ossie,M,1976-12-19,eyes
355,Elissa,F,1979-05-14,heart
356,Ariel,M,1968-05-04,liver
357,Tito,M,1966-09-02,heart
358,Sasha,F,1975-05-31,lungs
359,Janelle,F,1974-10-16,allergy
360,Abagail,F,1973-05-03,heart
361,Selig,M,1989-07-20,allergy
362,Nancie,F,1976-11-06,allergy
363,Julina,F,1972-10-01,brain
364,Gottfried,M,1961-02-13,eyes
365,Buddy,M,1979-05-09,heart
366,Worth,M,1983-08-04,liver
367,Maribelle,F,1985-06-19,heart
368,Mollie,F,1967-08-01,kidney
369,Charlton,M,1969-07-01,heart
370,Cecilius,M,1979-06-08,brain
371,Nicolle,F,1983-06-05,lungs
372,Florinda,F,1984-10-21,eyes
373,Leonerd,M,1981-02-17,eyes
374,Desmund,M,1961-10-29,eyes
375,Kyle,M,1970-06-11,kidney
376,Camel,F,1967-02-02,liver
377,Bron,M,1983-11-13,kidney
378,Katerina,F,1979-04-27,kidney
379,Lura,F,1969-01-07,heart
380,Efrem,M,1986-09-26,kidney
381,Dov,M,1970-03-12,heart
382,Kinsley,M,1987-10-28,brain
383,Madelin,F,1968-05-04,liver
384,Bess,F,1961-11-11,allergy
385,Jule,M,1983-04-08,lungs
386,Swen,M,1977-01-09,heart
387,Bryant,M,1985-12-07,heart
388,Lorne,M,1980-09-17,allergy
389,Brandyn,M,1979-07-09,lungs
390,Stefa,F,1968-03-02,allergy
391,Chrotoem,M,1975-11-12,allergy
392,Ferrell,M,1970-08-13,heart
393,Ingram,M,1978-07-11,brain
394,Jaime,M,1960-08-31,eyes
395,Emmett,M,1980-07-29,heart
396,Stafford,M,1970-05-26,eyes
397,Shauna,F,1983-09-21,allergy
398,Adolphus,M,1985-02-13,kidney
399,Ingmar,M,1977-11-26,liver
400,Bobbye,F,1983-10-09,heart
401,Franky,M,1973-03-29,heart
402,Marcille,F,1963-09-30,heart
403,Wynnie,F,1989-09-23,kidney
404,Brander,M,1981-12-24,lungs
405,Celisse,F,1972-10-28,brain
406,Ebenezer,M,1977-02-22,lungs
407,Luke,M,1980-01-08,brain
408,Frasquito,M,1971-01-12,lungs
409,Lorrayne,F,1968-12-20,eyes
410,Horace,M,1967-01-04,heart
411,Ethe,M,1973-05-09,liver
412,Joeann,F,1960-11-05,lungs
413,Arvie,M,1971-02-18,eyes
414,Emlyn,M,1976-05-27,allergy
415,Jillian,F,1979-10-29,kidney
416,Silvain,M,1961-12-23,liver
417,Elvis,M,1971-09-03,lungs
418,Errick,M,1989-11-25,liver
419,Callida,F,1964-12-04,brain
420,Daron,F,1968-06-08,kidney
421,Riane,F,1970-08-10,brain
422,Vernice,F,1977-05-13,lungs
423,Willie,M,1960-05-19,kidney
424,Alvie,M,1985-07-12,brain
425,Sumner,M,1978-09-17,heart
426,Ambur,F,1963-01-05,liver
427,Jyoti,F,1964-03-13,brain
428,Celestine,F,1970-08-04,liver
429,Neron,M,1971-05-20,liver
430,Malina,F,1978-09-19,allergy
431,Rhoda,F,1977-02-21,brain
432,Laurens,M,1962-11-29,allergy
433,Nerta,F,1963-12-08,lungs
434,Morie,M,1972-07-18,liver
435,Mirelle,F,1963-03-24,brain
436,Jody,M,1964-07-07,lungs
437,Stanfield,M,1973-07-16,liver
438,Brear,F,1989-12-21,allergy
439,Herve,M,1976-10-07,heart
440,Talyah,F,1977-11-16,brain
441,Dulcy,F,1982-06-08,lungs
442,Ashley,M,1969-01-25,lungs
443,Brynna,F,1976-01-06,eyes
444,Krishna,M,1977-05-13,allergy
445,Trude,F,1960-07-15,brain
446,Kristian,M,1969-04-05,allergy
447,Lucienne,F,1971-02-24,liver
448,Agnella,F,1964-06-04,kidney
449,Anette,F,1979-09-13,kidney
450,Alfonse,M,1966-12-09,lungs
451,Dud,M,1972-05-07,allergy
452,Betsy,F,1986-07-12,brain
453,Shawn,M,1970-04-07,lungs
454,Barthel,M,1966-01-28,brain
455,Dosi,F,1980-07-18,liver
456,Benetta,F,1964-12-23,lungs
457,Nicoli,F,1969-12-31,eyes
458,Tabor,M,1970-11-14,eyes
459,Marjory,F,1967-12-26,liver
460,Harvey,M,1964-06-21,kidney
461,Mufinella,F,1983-09-23,kidney
462,Albertine,F,1961-02-07,lungs
463,Viviana,F,1965-03-10,kidney
464,Bili,F,1989-05-28,lungs
465,Marielle,F,1982-04-08,heart
466,Cindy,F,1964-09-21,kidney
467,Sven,M,1975-07-09,heart
468,Dora,F,1967-02-28,eyes
469,Elly,F,1973-01-16,eyes
470,Perl,F,1974-04-14,liver
471,Dorey,F,1976-03-31,allergy
472,Eddy,M,1970-12-19,lungs
473,Sadie,F,1984-04-07,eyes
474,Roch,F,1961-03-18,heart
475,Shermie,M,1970-05-11,eyes
476,Gayla,F,1962-10-31,heart
477,Bel,F,1970-03-12,eyes
478,Joshuah,M,1971-01-20,eyes
479,Sherm,M,1963-09-16,eyes
480,Darryl,M,1961-06-14,heart
481,Godfry,M,1977-08-08,liver
482,Flo,F,1962-05-27,lungs
483,Saw,M,1977-03-09,lungs
484,Lewiss,M,1970-03-09,brain
485,Brnaby,M,1980-10-07,lungs
486,Caro,F,1968-05-04,kidney
487,Verina,F,1985-09-05,lungs
488,Abram,M,1988-03-10,brain
489,Adella,F,1985-12-08,lungs
490,Bondie,M,1982-09-15,lungs
491,Hillery,M,1972-06-05,allergy
492,Valerye,F,1983-12-25,allergy
493,Antonio,M,1988-09-25,liver
494,Ronald,M,1984-01-20,heart
495,Kelley,F,1960-03-05,eyes
496,Kimberley,F,1986-11-25,kidney
497,Erasmus,M,1977-09-09,lungs
498,Loreen,F,1989-09-19,allergy
499,Cleavland,M,1963-04-13,kidney
500,Serena,F,1979-09-15,brain
